Ligand.1	Ligand.2	Receptor.1	Receptor.2	Receptor.3	Alias	Family	Cytokines	Checkpoints	Chemokine	Other	Subfamily	Classifications	PubMed.ID	Comments	name
1	AMH		BMPR1A	AMHR2		MIS receptor 1	Cytokine	TGF				NA	Cytokine/TGF	32333774		AMH::BMPR1A:AMHR2:
2	AMH		ACVR1	AMHR2		MIS receptor 3	Cytokine	TGF				NA	Cytokine/TGF	32333774		AMH::ACVR1:AMHR2:
3	AREG		EGFR				Growth factor					NA	Growth factor	2466334		AREG::EGFR::
4	BMP10		ACVRL1	ACVR2A			Cytokine	TGF				NA	Cytokine/TGF	17878607		BMP10::ACVRL1:ACVR2A:
5	BMP10		ACVRL1	ACVR2B			Cytokine	TGF				NA	Cytokine/TGF	17878607		BMP10::ACVRL1:ACVR2B:
6	BMP10		ACVRL1	BMPR2			Cytokine	TGF				NA	Cytokine/TGF	17878607		BMP10::ACVRL1:BMPR2:
7	BMP15		BMPR1B	BMPR2		GDF9b	Cytokine	TGF				NA	Cytokine/TGF	17878607		BMP15::BMPR1B:BMPR2:
8	BMP2		BMPR1A	ACVR2A			Cytokine	TGF				NA	Cytokine/TGF	18436533		BMP2::BMPR1A:ACVR2A:
9	BMP2		BMPR1A	ACVR2B			Cytokine	TGF				NA	Cytokine/TGF	18436533		BMP2::BMPR1A:ACVR2B:
10	BMP2		BMPR1A	BMPR2			Cytokine	TGF				NA	Cytokine/TGF	18436533		BMP2::BMPR1A:BMPR2:
11	BMP2		BMPR1B	ACVR2A			Cytokine	TGF				NA	Cytokine/TGF	18436533		BMP2::BMPR1B:ACVR2A:
12	BMP2		BMPR1B	ACVR2B			Cytokine	TGF				NA	Cytokine/TGF	18436533		BMP2::BMPR1B:ACVR2B:
13	BMP2		BMPR1B	BMPR2			Cytokine	TGF				NA	Cytokine/TGF	18436533		BMP2::BMPR1B:BMPR2:
14	BMP4		BMPR1A	ACVR2A			Cytokine	TGF				NA	Cytokine/TGF	18436533		BMP4::BMPR1A:ACVR2A:
15	BMP4		BMPR1A	ACVR2B			Cytokine	TGF				NA	Cytokine/TGF	18436533		BMP4::BMPR1A:ACVR2B:
16	BMP4		BMPR1A	BMPR2			Cytokine	TGF				NA	Cytokine/TGF	18436533		BMP4::BMPR1A:BMPR2:
17	BMP4		BMPR1B	ACVR2A			Cytokine	TGF				NA	Cytokine/TGF	18436533		BMP4::BMPR1B:ACVR2A:
18	BMP4		BMPR1B	ACVR2B			Cytokine	TGF				NA	Cytokine/TGF	18436533		BMP4::BMPR1B:ACVR2B:
19	BMP4		BMPR1B	BMPR2			Cytokine	TGF				NA	Cytokine/TGF	18436533		BMP4::BMPR1B:BMPR2:
20	BMP5		ACVR1	ACVR2A			Cytokine	TGF				NA	Cytokine/TGF	27481709		BMP5::ACVR1:ACVR2A:
21	BMP5		ACVR1	ACVR2B			Cytokine	TGF				NA	Cytokine/TGF	27481709		BMP5::ACVR1:ACVR2B:
22	BMP5		ACVR1	BMPR2			Cytokine	TGF				NA	Cytokine/TGF	27481709		BMP5::ACVR1:BMPR2:
23	BMP5		BMPR1A	ACVR2A			Cytokine	TGF				NA	Cytokine/TGF	27481709		BMP5::BMPR1A:ACVR2A:
24	BMP5		BMPR1A	ACVR2B			Cytokine	TGF				NA	Cytokine/TGF	27481709		BMP5::BMPR1A:ACVR2B:
25	BMP5		BMPR1A	BMPR2			Cytokine	TGF				NA	Cytokine/TGF	27481709		BMP5::BMPR1A:BMPR2:
26	BMP5		BMPR1B	ACVR2A			Cytokine	TGF				NA	Cytokine/TGF	27481709		BMP5::BMPR1B:ACVR2A:
27	BMP5		BMPR1B	ACVR2B			Cytokine	TGF				NA	Cytokine/TGF	27481709		BMP5::BMPR1B:ACVR2B:
28	BMP5		BMPR1B	BMPR2			Cytokine	TGF				NA	Cytokine/TGF	27481709		BMP5::BMPR1B:BMPR2:
29	BMP6		ACVR1	ACVR2A			Cytokine	TGF				NA	Cytokine/TGF	27481709		BMP6::ACVR1:ACVR2A:
30	BMP6		ACVR1	ACVR2B			Cytokine	TGF				NA	Cytokine/TGF	27481709		BMP6::ACVR1:ACVR2B:
31	BMP6		ACVR1	BMPR2			Cytokine	TGF				NA	Cytokine/TGF	27481709		BMP6::ACVR1:BMPR2:
32	BMP6		BMPR1A	ACVR2A			Cytokine	TGF				NA	Cytokine/TGF	27481709		BMP6::BMPR1A:ACVR2A:
33	BMP6		BMPR1A	ACVR2B			Cytokine	TGF				NA	Cytokine/TGF	27481709		BMP6::BMPR1A:ACVR2B:
34	BMP6		BMPR1A	BMPR2			Cytokine	TGF				NA	Cytokine/TGF	27481709		BMP6::BMPR1A:BMPR2:
35	BMP6		BMPR1B	ACVR2A			Cytokine	TGF				NA	Cytokine/TGF	27481709		BMP6::BMPR1B:ACVR2A:
36	BMP6		BMPR1B	ACVR2B			Cytokine	TGF				NA	Cytokine/TGF	27481709		BMP6::BMPR1B:ACVR2B:
37	BMP6		BMPR1B	BMPR2			Cytokine	TGF				NA	Cytokine/TGF	27481709		BMP6::BMPR1B:BMPR2:
38	BMP7		ACVR1	ACVR2A		OP-1	Cytokine	TGF				NA	Cytokine/TGF	27481709		BMP7::ACVR1:ACVR2A:
39	BMP7		ACVR1	ACVR2B			Cytokine	TGF				NA	Cytokine/TGF	27481709		BMP7::ACVR1:ACVR2B:
40	BMP7		ACVR1	BMPR2			Cytokine	TGF				NA	Cytokine/TGF	27481709		BMP7::ACVR1:BMPR2:
41	BMP7		BMPR1A	ACVR2A			Cytokine	TGF				NA	Cytokine/TGF	27481709		BMP7::BMPR1A:ACVR2A:
42	BMP7		BMPR1A	ACVR2B			Cytokine	TGF				NA	Cytokine/TGF	27481709		BMP7::BMPR1A:ACVR2B:
43	BMP7		BMPR1A	BMPR2			Cytokine	TGF				NA	Cytokine/TGF	27481709		BMP7::BMPR1A:BMPR2:
44	BMP7		BMPR1B	ACVR2A			Cytokine	TGF				NA	Cytokine/TGF	27481709		BMP7::BMPR1B:ACVR2A:
45	BMP7		BMPR1B	ACVR2B			Cytokine	TGF				NA	Cytokine/TGF	27481709		BMP7::BMPR1B:ACVR2B:
46	BMP7		BMPR1B	BMPR2			Cytokine	TGF				NA	Cytokine/TGF	27481709		BMP7::BMPR1B:BMPR2:
47	BMP8A		ACVR1	ACVR2A			Cytokine	TGF				NA	Cytokine/TGF	27481709		BMP8A::ACVR1:ACVR2A:
48	BMP8A		ACVR1	ACVR2B			Cytokine	TGF				NA	Cytokine/TGF	27481709		BMP8A::ACVR1:ACVR2B:
49	BMP8A		ACVR1	BMPR2			Cytokine	TGF				NA	Cytokine/TGF	27481709		BMP8A::ACVR1:BMPR2:
50	BMP8A		BMPR1A	ACVR2A			Cytokine	TGF				NA	Cytokine/TGF	27481709		BMP8A::BMPR1A:ACVR2A:
51	BMP8A		BMPR1A	ACVR2B			Cytokine	TGF				NA	Cytokine/TGF	27481709		BMP8A::BMPR1A:ACVR2B:
52	BMP8A		BMPR1A	BMPR2			Cytokine	TGF				NA	Cytokine/TGF	27481709		BMP8A::BMPR1A:BMPR2:
53	BMP8A		BMPR1B	ACVR2A			Cytokine	TGF				NA	Cytokine/TGF	27481709		BMP8A::BMPR1B:ACVR2A:
54	BMP8A		BMPR1B	ACVR2B			Cytokine	TGF				NA	Cytokine/TGF	27481709		BMP8A::BMPR1B:ACVR2B:
55	BMP8A		BMPR1B	BMPR2			Cytokine	TGF				NA	Cytokine/TGF	27481709		BMP8A::BMPR1B:BMPR2:
56	BMP8B		ACVR1	ACVR2A			Cytokine	TGF				NA	Cytokine/TGF	27481709		BMP8B::ACVR1:ACVR2A:
57	BMP8B		ACVR1	ACVR2B			Cytokine	TGF				NA	Cytokine/TGF	27481709		BMP8B::ACVR1:ACVR2B:
58	BMP8B		ACVR1	BMPR2			Cytokine	TGF				NA	Cytokine/TGF	27481709		BMP8B::ACVR1:BMPR2:
59	BMP8B		BMPR1A	ACVR2A			Cytokine	TGF				NA	Cytokine/TGF	27481709		BMP8B::BMPR1A:ACVR2A:
60	BMP8B		BMPR1A	ACVR2B			Cytokine	TGF				NA	Cytokine/TGF	27481709		BMP8B::BMPR1A:ACVR2B:
61	BMP8B		BMPR1A	BMPR2			Cytokine	TGF				NA	Cytokine/TGF	27481709		BMP8B::BMPR1A:BMPR2:
62	BMP8B		BMPR1B	ACVR2A			Cytokine	TGF				NA	Cytokine/TGF	27481709		BMP8B::BMPR1B:ACVR2A:
63	BMP8B		BMPR1B	ACVR2B			Cytokine	TGF				NA	Cytokine/TGF	27481709		BMP8B::BMPR1B:ACVR2B:
64	BMP8B		BMPR1B	BMPR2			Cytokine	TGF				NA	Cytokine/TGF	27481709		BMP8B::BMPR1B:BMPR2:
65	BTLA		VTCN1			VTCN1=B7H4=B7x	Checkpoint		B7			NA	Checkpoint	12796776		BTLA::VTCN1::
66	BTLA		TNFRSF14			TNFRSF14  = HVEM	Checkpoint		B7			NA	Checkpoint	15568026;  12796776		BTLA::TNFRSF14::
67	C3		C3AR1								Complement	NA	Complement	8702752		C3::C3AR1::
68	C3		CR2								Complement	NA	Complement	6230668		C3::CR2::
69	CALCA		CALCR								Hormone	NA	Hormone	6148938 ; 1331173		CALCA::CALCR::
70	CALCA		CALCRL	RAMP1							Hormone	NA	Hormone	9620797		CALCA::CALCRL:RAMP1:
71	CALCA		CALCRL	RAMP2							Hormone	NA	Hormone	9620797		CALCA::CALCRL:RAMP2:
72	CALCA		CALCRL	RAMP3							Hormone	NA	Hormone	9620797		CALCA::CALCRL:RAMP3:
73	CCL1		CCR8				Chemokine			CC		NA	Chemokine	9207005		CCL1::CCR8::
74	CCL11		CXCR3				Chemokine			CC		NA	Chemokine	22633458	Natural antagonist	CCL11::CXCR3::
75	CCL11		CCR2				Chemokine			CC		NA	Chemokine	22633458	Natural antagonist	CCL11::CCR2::
76	CCL11		CCR3				Chemokine			CC		NA	Chemokine	22633458		CCL11::CCR3::
77	CCL11		CCR5				Chemokine			CC		NA	Chemokine	22633458		CCL11::CCR5::
78	CCL11		ACKR1				Chemokine			CC		NA	Chemokine	22633458		CCL11::ACKR1::
79	CCL11		ACKR2				Chemokine			CC		NA	Chemokine	22633458		CCL11::ACKR2::
80	CCL13		ACKR1				Chemokine			CC		NA	Chemokine	22633458		CCL13::ACKR1::
81	CCL13		ACKR2				Chemokine			CC		NA	Chemokine	22633458		CCL13::ACKR2::
82	CCL13		CCR2				Chemokine			CC		NA	Chemokine	22633458		CCL13::CCR2::
83	CCL13		CCR3				Chemokine			CC		NA	Chemokine	22633458		CCL13::CCR3::
84	CCL14		CCR1				Chemokine			CC		NA	Chemokine	22633458		CCL14::CCR1::
85	CCL14		CCR5				Chemokine			CC		NA	Chemokine	22633458	No paper found for CCL14 with CCR3 interaction	CCL14::CCR5::
86	CCL14		ACKR1				Chemokine			CC		NA	Chemokine	22633458		CCL14::ACKR1::
87	CCL14		ACKR2				Chemokine			CC		NA	Chemokine	22633458		CCL14::ACKR2::
88	CCL15		CCR1				Chemokine			CC		NA	Chemokine	9346309		CCL15::CCR1::
89	CCL15		CCR3				Chemokine			CC		NA	Chemokine	9346309		CCL15::CCR3::
90	CCL16		CCR1				Chemokine			CC		NA	Chemokine	22633458		CCL16::CCR1::
91	CCL16		HRH4				Chemokine			CC		NA	Chemokine	15265943		CCL16::HRH4::
92	CCL16		CCR2				Chemokine			CC		NA	Chemokine	22633458		CCL16::CCR2::
93	CCL16		CCR5				Chemokine			CC		NA	Chemokine	22633458		CCL16::CCR5::
94	CCL16		CCR8				Chemokine			CC		NA	Chemokine	22633458		CCL16::CCR8::
95	CCL17		CCR4			CCL17=TARC	Chemokine			CC		NA	Chemokine	22633458; 10540332	TARC do not bind to CCR8	CCL17::CCR4::
96	CCL17		ACKR1				Chemokine			CC		NA	Chemokine	22633458		CCL17::ACKR1::
97	CCL17		ACKR2				Chemokine			CC		NA	Chemokine	22633458		CCL17::ACKR2::
98	CCL18		CCR8				Chemokine			CC		NA	Chemokine	23999500		CCL18::CCR8::
99	CCL18		CCR3				Chemokine			CC		NA	Chemokine	22633458; 23999500	antagonism	CCL18::CCR3::
100	CCL18		PITPNM3			PITPNM3=ACKR6	Chemokine			CC		NA	Chemokine	22633458		CCL18::PITPNM3::
101	CCL19		CCR7				Chemokine			CC		NA	Chemokine	22633458		CCL19::CCR7::
102	CCL19		CCRL2				Chemokine			CC		NA	Chemokine	22633458	Atypical chemokine receptor	CCL19::CCRL2::
103	CCL19		ACKR4				Chemokine			CC		NA	Chemokine	22633458	Atypical chemokine receptor	CCL19::ACKR4::
104	CCL2		CCR2				Chemokine			CC		NA	Chemokine	22633458		CCL2::CCR2::
105	CCL2		ACKR1				Chemokine			CC		NA	Chemokine	22633458		CCL2::ACKR1::
106	CCL2		ACKR2				Chemokine			CC		NA	Chemokine	22633458		CCL2::ACKR2::
107	CCL20		CCR6				Chemokine			CC		NA	Chemokine	22633458		CCL20::CCR6::
108	CCL21		CCR7				Chemokine			CC		NA	Chemokine	22633458		CCL21::CCR7::
109	CCL21		ACKR4				Chemokine			CC		NA	Chemokine	22633458	Atypical chemokine receptor	CCL21::ACKR4::
110	CCL22		CCR4				Chemokine			CC		NA	Chemokine	22633458		CCL22::CCR4::
111	CCL22		ACKR2				Chemokine			CC		NA	Chemokine	22633458		CCL22::ACKR2::
112	CCL23		ACKR2				Chemokine			CC		NA	Chemokine	22633458		CCL23::ACKR2::
113	CCL23		CCR1				Chemokine			CC		NA	Chemokine	22633458		CCL23::CCR1::
114	CCL23		FPR2				Chemokine			CC		NA	Chemokine	22633458		CCL23::FPR2::
115	CCL24		ACKR2				Chemokine			CC		NA	Chemokine	22633458		CCL24::ACKR2::
116	CCL24		CCR3				Chemokine			CC		NA	Chemokine	22633458		CCL24::CCR3::
117	CCL25		CCR9				Chemokine			CC		NA	Chemokine	22633458		CCL25::CCR9::
118	CCL25		ACKR4				Chemokine			CC		NA	Chemokine	22633458	Atypical chemokine receptor	CCL25::ACKR4::
119	CCL26		CCR1				Chemokine			CC		NA	Chemokine	22633458, 15039444	antagonism	CCL26::CCR1::
120	CCL26		CCR2				Chemokine			CC		NA	Chemokine	22633458	antagonism	CCL26::CCR2::
121	CCL26		CCR3				Chemokine			CC		NA	Chemokine	22633458		CCL26::CCR3::
122	CCL26		CCR5				Chemokine			CC		NA	Chemokine	22633458, 15039444	antagonism	CCL26::CCR5::
123	CCL26		CX3CR1				Chemokine			CC		NA	Chemokine	22633458, 20974991		CCL26::CX3CR1::
124	CCL27		CCR10				Chemokine			CC		NA	Chemokine	22633458		CCL27::CCR10::
125	CCL28		CCR10				Chemokine			CC		NA	Chemokine	22633458		CCL28::CCR10::
126	CCL28		CCR3				Chemokine			CC		NA	Chemokine	22633458		CCL28::CCR3::
127	CCL3		CCR1				Chemokine			CC		NA	Chemokine	22633458		CCL3::CCR1::
128	CCL3		CCR5				Chemokine			CC		NA	Chemokine	22633458		CCL3::CCR5::
129	CCL3		ACKR2				Chemokine			CC		NA	Chemokine	22633458		CCL3::ACKR2::
130	CCL3L1		ACKR2				Chemokine			CC		NA	Chemokine	22633458		CCL3L1::ACKR2::
131	CCL3L1		CCR5				Chemokine			CC		NA	Chemokine	22633458		CCL3L1::CCR5::
132	CCL3L1		CCR1				Chemokine			CC		NA	Chemokine	22633458		CCL3L1::CCR1::
133	CCL3L1		CCR3				Chemokine			CC		NA	Chemokine	22633458		CCL3L1::CCR3::
134	CCL4		CCR5				Chemokine			CC		NA	Chemokine	22633458		CCL4::CCR5::
135	CCL4		ACKR2				Chemokine			CC		NA	Chemokine	22633458		CCL4::ACKR2::
136	CCL4L1		ACKR2				Chemokine			CC		NA	Chemokine	22633458		CCL4L1::ACKR2::
137	CCL5		CCR1			CCL5=RANTES	Chemokine			CC		NA	Chemokine	22633458		CCL5::CCR1::
138	CCL5		CCR3			CCL5=RANTES	Chemokine			CC		NA	Chemokine	22633458		CCL5::CCR3::
139	CCL5		CCR5			CCL5=RANTES	Chemokine			CC		NA	Chemokine	22633458		CCL5::CCR5::
140	CCL5		ACKR1				Chemokine			CC		NA	Chemokine	22633458		CCL5::ACKR1::
141	CCL5		ACKR2				Chemokine			CC		NA	Chemokine	22633458		CCL5::ACKR2::
142	CCL7		CCR1				Chemokine			CC		NA	Chemokine	22633458		CCL7::CCR1::
143	CCL7		CCR3				Chemokine			CC		NA	Chemokine	22633458		CCL7::CCR3::
144	CCL7		CCR5				Chemokine			CC		NA	Chemokine	10477718; 22633458	Natural antagonist	CCL7::CCR5::
145	CCL7		CCR2				Chemokine			CC		NA	Chemokine	22633458		CCL7::CCR2::
146	CCL7		ACKR2				Chemokine			CC		NA	Chemokine	22633458		CCL7::ACKR2::
147	CCL8		CCR2				Chemokine			CC		NA	Chemokine	22633458		CCL8::CCR2::
148	CCL8		ACKR2				Chemokine			CC		NA	Chemokine	22633458		CCL8::ACKR2::
149	CCL8		CCR5				Chemokine			CC		NA	Chemokine	22633458		CCL8::CCR5::
150	CCL8		CCR1				Chemokine			CC		NA	Chemokine	22633458		CCL8::CCR1::
151	ICAM3		CD209			CD209=DC-SIGN=CLEC4L					Adhesion molecule	NA	Adhesion molecule	10721994		ICAM3::CD209::
152	CD274		PDCD1			CD274 = PDL1	Checkpoint		B7			NA	Checkpoint	23954143		CD274::PDCD1::
153	CD274		CD80				Checkpoint		B7			NA	Checkpoint	26927206		CD274::CD80::
154	CD40LG		CD40			TNFSF5= CD40	Checkpoint	TNF	TNF			NA	Cytokine/Checkpoint	11163401		CD40LG::CD40::
155	CD48		CD2			CD48=SLAMF2					SLAM	NA	SLAM	7691954 ; PMC1384590		CD48::CD2::
156	CD48		CD244			CD244=SLAMF4					SLAM	NA	SLAM	26794910		CD48::CD244::
157	CD58		CD2			CD58=LFA3					Integrin	NA	Integrin	7544396;7525848		CD58::CD2::
158	CD70		CD27			CD70=CD27L	Checkpoint	TNF	TNF			NA	Cytokine/Checkpoint	8120384 ; 26697006		CD70::CD27::
159	CD72		CD5									NA		24950378; 8757302		CD72::CD5::
160	CD80		CTLA4			CD80=B7-1	Checkpoint		B7			NA	Checkpoint	10583602		CD80::CTLA4::
161	CD80		CD28			CD80=B7-1	Checkpoint		B7			NA	Checkpoint	7545666		CD80::CD28::
162	CD84		CD84			CD84=SLAMF5					SLAM	NA	SLAM	21219180;201553220		CD84::CD84::
163	CD86		CTLA4			CD86=B7-2	Checkpoint		B7			NA	Checkpoint	10583602 ; 11976720	CTLA4 homodimers	CD86::CTLA4::
164	CD86		CD28			CD86=B7-2	Checkpoint		B7			NA	Checkpoint	18205792		CD86::CD28::
165	CDH1		KLRG1									NA		16904340		CDH1::KLRG1::
166	CEACAM1		HAVCR2				Checkpoint		TIM			NA	Checkpoint	25363763; 27192565		CEACAM1::HAVCR2::
167	CLCF1	CRLF1	CNTFR	IL6ST		IL6ST=gp130	Cytokine	type 1				NA	Cytokine	7852997		CLCF1:CRLF1:CNTFR:IL6ST:
168	CLEC1B		PDPN			CLEC1B=CLEC2					C-type lectin	NA				CLEC1B::PDPN::
169	CNTF		LIFR	IL6ST			Cytokine	type 1				NA	Cytokine / Cytokine type 1	9143707		CNTF::LIFR:IL6ST:
170	CNTF		CNTFR	IL6ST			Cytokine	type 1				NA	Cytokine / Cytokine type 1	9143707		CNTF::CNTFR:IL6ST:
171	CSF1		CSF1R			M-CSF	Cytokine	RTK				NA	Cytokine /RTK	26095744		CSF1::CSF1R::
172	CSF2		CSF2RA	CSF2RB		GM-CSF=CFS2	Cytokine	type 1				NA	Cytokine /Cytokine type 1	18692472		CSF2::CSF2RA:CSF2RB:
173	CSF3		CSF3R				Cytokine	type 1				NA	Cytokine /Cytokine type 1	10537111		CSF3::CSF3R::
174	CTF1		LIFR	IL6ST		IL6ST=gp130	Cytokine	type 1				NA	Cytokine / Cytokine type 1	9030543		CTF1::LIFR:IL6ST:
175	CX3CL1		CX3CR1				Chemokine			CX3C		NA	Chemokine	22633458		CX3CL1::CX3CR1::
176	CXCL1		CXCR2				Chemokine			CXC		NA	Chemokine	22633458 ; 8702798;24218476	Binding to CXCR1 described n review but no publication found	CXCL1::CXCR2::
177	CXCL1		ACKR1				Chemokine			CXC		NA	Chemokine	22633458; 24625696		CXCL1::ACKR1::
178	CXCL10		CXCR3				Chemokine			CXC		NA	Chemokine	12884299		CXCL10::CXCR3::
179	CXCL10		CCR3				Chemokine			CXC		NA	Chemokine	22633458	Natural antagonist	CXCL10::CCR3::
180	CXCL11		CXCR3				Chemokine			CXC		NA	Chemokine	12884299		CXCL11::CXCR3::
181	CXCL11		ACKR3			CXCR7=ACKR3	Chemokine			CXC		NA	Chemokine	22633458; 20161793 ; 24218476		CXCL11::ACKR3::
182	CXCL11		CCR5				Chemokine			CXC		NA	Chemokine	22633458; 15178708	Natural antagonist	CXCL11::CCR5::
183	CXCL11		CCR3				Chemokine			CXC		NA	Chemokine	22633458; 15178708	Natural antagonist	CXCL11::CCR3::
184	CXCL12		CXCR4				Chemokine			CXC		NA	Chemokine	22633458		CXCL12::CXCR4::
185	CXCL12		ACKR3				Chemokine			CXC		NA	Chemokine	22633458; 20161793 ; 24218476		CXCL12::ACKR3::
186	CXCL13		CXCR5				Chemokine			CXC		NA	Chemokine	22633458		CXCL13::CXCR5::
187	CXCL13		CXCR3				Chemokine			CXC		NA	Chemokine	22633458; 11554781		CXCL13::CXCR3::
188	CXCL13		ACKR4				Chemokine			CXC		NA		22633458; 706668	Atypical chemokine receptor	CXCL13::ACKR4::
189	CXCL16		CXCR6				Chemokine			CXC		NA	Chemokine	22633458	Receptor for CXCL14 and CXCL17 are unknown	CXCL16::CXCR6::
190	CXCL2		CXCR2				Chemokine			CXC		NA	Chemokine	8702798;22633458		CXCL2::CXCR2::
191	CXCL2		ACKR1				Chemokine			CXC		NA	Chemokine	22633458; 30446388		CXCL2::ACKR1::
192	CXCL3		CXCR2				Chemokine			CXC		NA	Chemokine	8702798;22633458		CXCL3::CXCR2::
193	CXCL5		CXCR2				Chemokine			CXC		NA	Chemokine	22633458		CXCL5::CXCR2::
194	CXCL6		CXCR1				Chemokine			CXC		NA	Chemokine	22633458		CXCL6::CXCR1::
195	CXCL6		CXCR2				Chemokine			CXC		NA	Chemokine	22633458		CXCL6::CXCR2::
196	CXCL8		CXCR1				Chemokine			CXC		NA	Chemokine / interleukin	1840701		CXCL8::CXCR1::
197	CXCL8		CXCR2				Chemokine			CXC		NA	Chemokine / interleukin	1891716		CXCL8::CXCR2::
198	CXCL8		ACKR1				Chemokine			CXC		NA	Chemokine / interleukin	22633458		CXCL8::ACKR1::
199	CXCL9		CXCR3				Chemokine			CXC		NA	Chemokine	12884299		CXCL9::CXCR3::
200	CXCL9		CCR3				Chemokine			CXC		NA	Chemokine	22633458	Natural antagonist	CXCL9::CCR3::
201	DLL1		NOTCH1				Notch family					NA	Notch family	21685328		DLL1::NOTCH1::
202	DLL1		NOTCH2				Notch family					NA	Notch family	21685328		DLL1::NOTCH2::
203	DLL1		NOTCH3				Notch family					NA	Notch family	21685328		DLL1::NOTCH3::
204	DLL3		NOTCH1				Notch family					NA	Notch family	16921404		DLL3::NOTCH1::
205	DLL3		NOTCH2				Notch family					NA	Notch family	16921404		DLL3::NOTCH2::
206	DLL3		NOTCH3				Notch family					NA	Notch family	16921404		DLL3::NOTCH3::
207	DLL3		NOTCH4				Notch family					NA	Notch family	16921404		DLL3::NOTCH4::
208	DLL4		NOTCH1				Notch family					NA	Notch family	15137944;19494260		DLL4::NOTCH1::
209	DLL4		NOTCH2				Notch family					NA	Notch family	15137944;19494260		DLL4::NOTCH2::
210	DLL4		NOTCH3				Notch family					NA	Notch family	15137944;19494260		DLL4::NOTCH3::
211	EDA		EDAR				Cytokine	TNF				NA	TNF Family/Cytokine	10484778		EDA::EDAR::
212	EDA		EDA2R				Cytokine	TNF				NA	TNF Family/Cytokine	10484778		EDA::EDA2R::
213	EDN1		EDNRA								Vasoconstrictor peptide	NA	Vasoconstrictor peptide	8440682		EDN1::EDNRA::
214	EDN1		EDNRB								Vasoconstrictor peptide	NA	Vasoconstrictor peptide	8440682		EDN1::EDNRB::
215	EDN2		EDNRA								Vasoconstrictor peptide	NA	Vasoconstrictor peptide	8440682		EDN2::EDNRA::
216	EDN3		EDNRB								Vasoconstrictor peptide	NA	Vasoconstrictor peptide	8440682		EDN3::EDNRB::
217	EFNA4		EPHA2				Growth factor					NA	Growth factor	9530499		EFNA4::EPHA2::
218	EFNA4		EPHA3				Growth factor					NA	Growth factor	9530499		EFNA4::EPHA3::
219	EFNA4		EPHA4				Growth factor					NA	Growth factor	9530499		EFNA4::EPHA4::
220	EFNA4		EPHA7				Growth factor					NA	Growth factor	9530499		EFNA4::EPHA7::
221	EFNA5		EPHA3				Growth factor					NA	Growth factor	9530499		EFNA5::EPHA3::
222	EFNA5		EPHA7				Growth factor					NA	Growth factor	9530499		EFNA5::EPHA7::
223	EFNA5		EPHA2				Growth factor					NA	Growth factor	9530499		EFNA5::EPHA2::
224	EFNB1		EPHB1				Growth factor					NA	Growth factor	9530499		EFNB1::EPHB1::
225	EFNB1		EPHB2				Growth factor					NA	Growth factor	9530499		EFNB1::EPHB2::
226	EGF		EGFR				Growth factor					NA	Growth factor	8639530		EGF::EGFR::
227	EPO		EPOR		 		Cytokine	type 1				NA	Cytokine /Cytokine type 1	9974393; 2163696		EPO::EPOR:: 
228	FASLG		FAS			TNFSF6 = FasL	Cytokine	TNF				NA	TNF Family/Cytokine	11239407		FASLG::FAS::
229	FASLG		TNFRSF6B				Cytokine	TNF				NA	TNF Family/Cytokine	11239407		FASLG::TNFRSF6B::
230	FLT3LG		FLT3				Cytokine	RTK				NA	Cytokine/ RTK 	21389326		FLT3LG::FLT3::
231	FN1		ITGAV								Adhesion molecule	NA	Adhesion molecule	8314844		FN1::ITGAV::
232	GAL		GALR2								Neuropeptide	NA	Neuropeptide	9685625;9880084		GAL::GALR2::
233	GAS6		MERTK								Gla-containing protein	NA	Gla-containing protein	9160883		GAS6::MERTK::
234	GAST		CCKBR								Hormone	NA	Hormone	8349705		GAST::CCKBR::
235	GDF1		ACVR1B	ACVR2A			Cytokine	TGF				NA	Cytokine/TGF	22710174, 27481709		GDF1::ACVR1B:ACVR2A:
236	GDF1		ACVR1B	ACVR2B			Cytokine	TGF				NA	Cytokine/TGF	22710174, 27481709		GDF1::ACVR1B:ACVR2B:
237	GDF1		ACVR1C	ACVR2A			Cytokine	TGF				NA	Cytokine/TGF	22710174, 27481709		GDF1::ACVR1C:ACVR2A:
238	GDF1		ACVR1C	ACVR2B			Cytokine	TGF				NA	Cytokine/TGF	22710174, 27481709		GDF1::ACVR1C:ACVR2B:
239	GDF10		ACVR1B	ACVR2B			Cytokine	TGF				NA	Cytokine/TGF	31416681, 17878607		GDF10::ACVR1B:ACVR2B:
240	GDF11		TGFBR1	ACVR2A		TGFBR1=ALK5	Cytokine	TGF				NA	Cytokine/TGF	16845371, 12414726		GDF11::TGFBR1:ACVR2A:
241	GDF11		TGFBR1	ACVR2B			Cytokine	TGF				NA	Cytokine/TGF	16845371, 12414726		GDF11::TGFBR1:ACVR2B:
242	GDF11		ACVR1B	ACVR2A			Cytokine	TGF				NA	Cytokine/TGF	22710174, 27481709		GDF11::ACVR1B:ACVR2A:
243	GDF11		ACVR1B	ACVR2B			Cytokine	TGF				NA	Cytokine/TGF	22710174, 27481709		GDF11::ACVR1B:ACVR2B:
244	GDF2		ACVRL1	ACVR2A		BMP9	Cytokine	TGF				NA	Cytokine/TGF	22710174, 27481709		GDF2::ACVRL1:ACVR2A:
245	GDF2		ACVRL1	ACVR2B		BMP9	Cytokine	TGF				NA	Cytokine/TGF	22710174, 27481709		GDF2::ACVRL1:ACVR2B:
246	GDF2		ACVRL1	BMPR2		BMP9	Cytokine	TGF				NA	Cytokine/TGF	22710174, 27481709		GDF2::ACVRL1:BMPR2:
247	GDF3		ACVR1B	ACVR2A			Cytokine	TGF				NA	Cytokine/TGF	22710174, 27481709		GDF3::ACVR1B:ACVR2A:
248	GDF3		ACVR1B	ACVR2B			Cytokine	TGF				NA	Cytokine/TGF	22710174, 27481709		GDF3::ACVR1B:ACVR2B:
249	GDF3		ACVR1C	ACVR2A			Cytokine	TGF				NA	Cytokine/TGF	22710174, 27481709		GDF3::ACVR1C:ACVR2A:
250	GDF3		ACVR1C	ACVR2B			Cytokine	TGF				NA	Cytokine/TGF	22710174, 27481709		GDF3::ACVR1C:ACVR2B:
251	GDF5		BMPR1B	ACVR2A		BMP14 / CDMP-1	Cytokine	TGF				NA	Cytokine/TGF	27481709		GDF5::BMPR1B:ACVR2A:
252	GDF5		BMPR1B	ACVR2B			Cytokine	TGF				NA	Cytokine/TGF	27481709		GDF5::BMPR1B:ACVR2B:
253	GDF5		BMPR1B	BMPR2			Cytokine	TGF				NA	Cytokine/TGF	27481709		GDF5::BMPR1B:BMPR2:
254	GDF5		BMPR1A	ACVR2A		BMP14 / CDMP-1	Cytokine	TGF				NA	Cytokine/TGF	27481709		GDF5::BMPR1A:ACVR2A:
255	GDF5		BMPR1A	ACVR2B			Cytokine	TGF				NA	Cytokine/TGF	27481709		GDF5::BMPR1A:ACVR2B:
256	GDF5		BMPR1A	BMPR2			Cytokine	TGF				NA	Cytokine/TGF	27481709		GDF5::BMPR1A:BMPR2:
257	GDF6		BMPR1B	ACVR2A			Cytokine	TGF				NA	Cytokine/TGF	27481709		GDF6::BMPR1B:ACVR2A:
258	GDF6		BMPR1B	ACVR2B			Cytokine	TGF				NA	Cytokine/TGF	27481709		GDF6::BMPR1B:ACVR2B:
259	GDF6		BMPR1B	BMPR2			Cytokine	TGF				NA	Cytokine/TGF	27481709		GDF6::BMPR1B:BMPR2:
260	GDF6		BMPR1A	ACVR2A			Cytokine	TGF				NA	Cytokine/TGF	27481709		GDF6::BMPR1A:ACVR2A:
261	GDF6		BMPR1A	ACVR2B			Cytokine	TGF				NA	Cytokine/TGF	27481709		GDF6::BMPR1A:ACVR2B:
262	GDF6		BMPR1A	BMPR2			Cytokine	TGF				NA	Cytokine/TGF	27481709		GDF6::BMPR1A:BMPR2:
263	GDF7		BMPR1B	ACVR2A			Cytokine	TGF				NA	Cytokine/TGF	27481709		GDF7::BMPR1B:ACVR2A:
264	GDF7		BMPR1B	ACVR2B			Cytokine	TGF				NA	Cytokine/TGF	27481709		GDF7::BMPR1B:ACVR2B:
265	GDF7		BMPR1B	BMPR2			Cytokine	TGF				NA	Cytokine/TGF	27481709		GDF7::BMPR1B:BMPR2:
266	GDF7		BMPR1A	ACVR2A			Cytokine	TGF				NA	Cytokine/TGF	27481709		GDF7::BMPR1A:ACVR2A:
267	GDF7		BMPR1A	ACVR2B			Cytokine	TGF				NA	Cytokine/TGF	27481709		GDF7::BMPR1A:ACVR2B:
268	GDF7		BMPR1A	BMPR2			Cytokine	TGF				NA	Cytokine/TGF	27481709		GDF7::BMPR1A:BMPR2:
269	GDF9		TGFBR1	BMPR2			Cytokine	TGF				NA	Cytokine/TGF	12135884, 1468485		GDF9::TGFBR1:BMPR2:
270	GDNF		GFRA1	RET			Growth factor					NA	Growth factor	25242331		GDNF::GFRA1:RET:
271	GDNF		GFRA2	RET			Growth factor					NA	Growth factor	9182803		GDNF::GFRA2:RET:
272	GH1		GHR				Cytokine	type 1				NA	Cytokine/Cytokine type 1	2387255	Growth hormone / Rq: GH2 is a growth hormone present in placenta. Not put here but it exists	GH1::GHR::
273	GH2		GHR				Cytokine	type 1				NA	Cytokine/Cytokine type 1	2387255		GH2::GHR::
274	GUCA2A		GUCY2C								C-type lectin receptor	NA		23269669		GUCA2A::GUCY2C::
275	HBEGF		EGFR				Growth factor					NA	Growth factor	12097488; 12621152		HBEGF::EGFR::
276	HBEGF		ERBB4				Growth factor					NA	Growth factor	12621152		HBEGF::ERBB4::
277	HGF		MET				Growth factor					NA	Growth factor	15218027		HGF::MET::
278	HHLA2		TMIGD2			HHLA2=B7H7 ; TMIGD2=CD28H	Checkpoint		B7			NA	Checkpoint	28679835		HHLA2::TMIGD2::
279	HLA-A		LILRB1				Antigen binding					NA	Antigen binding	9285411; 9382880		HLA-A::LILRB1::
280	HLA-A		KIR3DL2				Checkpoint		KIR		KIR	NA	Checkpoint	11955593;15580655		HLA-A::KIR3DL2::
281	HLA-B		LILRB1				Antigen binding					NA	Antigen binding	9285411; 9382880		HLA-B::LILRB1::
282	HLA-B		KIR3DL1				Checkpoint		KIR		KIR	NA	Checkpoint	11955593;15580655		HLA-B::KIR3DL1::
283	HLA-C		LILRB1				Antigen binding					NA	Antigen binding	9285411; 9382880		HLA-C::LILRB1::
284	HLA-C		KIR2DL1				Checkpoint		KIR		KIR	NA	Checkpoint	11955593;15580655		HLA-C::KIR2DL1::
285	HLA-C		KIR2DL2				Checkpoint		KIR		KIR	NA	Checkpoint	11955593;15580655		HLA-C::KIR2DL2::
286	HLA-C		KIR2DL3				Checkpoint		KIR		KIR	NA	Checkpoint	11955593;15580655		HLA-C::KIR2DL3::
287	HLA-DPA1		LAG3				Checkpoint		Lag3			NA	Checkpoint	26927206; 22437870		HLA-DPA1::LAG3::
288	HLA-DPA2		LAG3				Checkpoint		Lag3			NA	Checkpoint	26927206; 22437870		HLA-DPA2::LAG3::
289	HLA-DPA3		LAG3				Checkpoint		Lag3			NA	Checkpoint	26927206; 22437870		HLA-DPA3::LAG3::
290	HLA-DPB1		LAG3				Checkpoint		Lag3			NA	Checkpoint	26927206; 22437870		HLA-DPB1::LAG3::
291	HLA-DPB2		LAG3				Checkpoint		Lag3			NA	Checkpoint	26927206; 22437870		HLA-DPB2::LAG3::
292	HLA-DQA1		LAG3				Checkpoint		Lag3			NA	Checkpoint	26927206; 22437870		HLA-DQA1::LAG3::
293	HLA-DQA2		LAG3				Checkpoint		Lag3			NA	Checkpoint	26927206; 22437870		HLA-DQA2::LAG3::
294	HLA-DQB1		LAG3				Checkpoint		Lag3			NA	Checkpoint	26927206; 22437870		HLA-DQB1::LAG3::
295	HLA-DQB2		LAG3				Checkpoint		Lag3			NA	Checkpoint	26927206; 22437870		HLA-DQB2::LAG3::
296	HLA-DQB3		LAG3				Checkpoint		Lag3			NA	Checkpoint	26927206; 22437870		HLA-DQB3::LAG3::
297	HLA-DRA		LAG3				Checkpoint		Lag3			NA	Checkpoint	26927206; 22437870		HLA-DRA::LAG3::
298	HLA-DRB1		LAG3				Checkpoint		Lag3			NA	Checkpoint	26927206; 22437870		HLA-DRB1::LAG3::
299	HLA-DRB2		LAG3				Checkpoint		Lag3			NA	Checkpoint	26927206; 22437870		HLA-DRB2::LAG3::
300	HLA-DRB3		LAG3				Checkpoint		Lag3			NA	Checkpoint	26927206; 22437870		HLA-DRB3::LAG3::
301	HLA-DRB4		LAG3				Checkpoint		Lag3			NA	Checkpoint	26927206; 22437870		HLA-DRB4::LAG3::
302	HLA-DRB5		LAG3				Checkpoint		Lag3			NA	Checkpoint	26927206; 22437870		HLA-DRB5::LAG3::
303	HLA-DRB6		LAG3				Checkpoint		Lag3			NA	Checkpoint	26927206; 22437870		HLA-DRB6::LAG3::
304	HLA-DRB7		LAG3				Checkpoint		Lag3			NA	Checkpoint	26927206; 22437870		HLA-DRB7::LAG3::
305	HLA-DRB8		LAG3				Checkpoint		Lag3			NA	Checkpoint	26927206; 22437870		HLA-DRB8::LAG3::
306	HLA-DRB9		LAG3				Checkpoint		Lag3			NA	Checkpoint	26927206; 22437870		HLA-DRB9::LAG3::
307	HLA-E		KLRD1	KLRC1		KLRC1=NKG2A ; KLRD1 = CD94					C-type lectin receptor	NA		20567250 ; 11513152	NKG2A binds CD94 as heterodimer	HLA-E::KLRD1:KLRC1:
308	HLA-F		LILRB1				Antigen binding					NA	Antigen binding	9285411; 9382880		HLA-F::LILRB1::
309	HLA-G		LILRB1			LILRB1=ILT2	Checkpoint					NA	Checkpoint	17056715;19841038		HLA-G::LILRB1::
310	HLA-G		LILRB2			LILRB2=ILT4	Checkpoint					NA	Checkpoint	17056715		HLA-G::LILRB2::
311	HLA-G		KIR2DL4				Checkpoint		KIR		KIR	NA	Checkpoint	17056715; 11955593;15580655		HLA-G::KIR2DL4::
312	HMGB1		HAVCR2				Checkpoint		TIM			NA	Checkpoint	22842346; 27192565		HMGB1::HAVCR2::
313	ICOSLG		ICOS			ICOSL=B7-H2	Checkpoint		B7			NA	Checkpoint	14599850 ; 23954143		ICOSLG::ICOS::
314	ICOSLG		CD28				Checkpoint		B7			NA	Checkpoint	21530327		ICOSLG::CD28::
315	ICOSLG		CTLA4				Checkpoint		B7			NA	Checkpoint	21530327		ICOSLG::CTLA4::
316	IFNA1		IFNAR1	IFNAR2			Cytokine	type 2				NA	Cytokine/Cytokine type 2	15032600		IFNA1::IFNAR1:IFNAR2:
317	IFNA10		IFNAR1	IFNAR2			Cytokine	type 2				NA	Cytokine/Cytokine type 2	15032600		IFNA10::IFNAR1:IFNAR2:
318	IFNA14		IFNAR1	IFNAR2			Cytokine	type 2				NA	Cytokine/Cytokine type 2	15032600		IFNA14::IFNAR1:IFNAR2:
319	IFNA16		IFNAR1	IFNAR2			Cytokine	type 2				NA	Cytokine/Cytokine type 2	15032600		IFNA16::IFNAR1:IFNAR2:
320	IFNA17		IFNAR1	IFNAR2			Cytokine	type 2				NA	Cytokine/Cytokine type 2	15032600		IFNA17::IFNAR1:IFNAR2:
321	IFNA2		IFNAR1	IFNAR2			Cytokine	type 2				NA	Cytokine/Cytokine type 2	15032600		IFNA2::IFNAR1:IFNAR2:
322	IFNA21		IFNAR1	IFNAR2			Cytokine	type 2				NA	Cytokine/Cytokine type 2	15032600		IFNA21::IFNAR1:IFNAR2:
323	IFNA4		IFNAR1	IFNAR2			Cytokine	type 2				NA	Cytokine/Cytokine type 2	15032600		IFNA4::IFNAR1:IFNAR2:
324	IFNA5		IFNAR1	IFNAR2			Cytokine	type 2				NA	Cytokine/Cytokine type 2	15032600		IFNA5::IFNAR1:IFNAR2:
325	IFNA6		IFNAR1	IFNAR2			Cytokine	type 2				NA	Cytokine/Cytokine type 2	15032600		IFNA6::IFNAR1:IFNAR2:
326	IFNA7		IFNAR1	IFNAR2			Cytokine	type 2				NA	Cytokine/Cytokine type 2	15032600		IFNA7::IFNAR1:IFNAR2:
327	IFNA8		IFNAR1	IFNAR2			Cytokine	type 2				NA	Cytokine/Cytokine type 2	15032600		IFNA8::IFNAR1:IFNAR2:
328	IFNB1		IFNAR1	IFNAR2			Cytokine	type 2				NA	Cytokine/Cytokine type 2	15032600		IFNB1::IFNAR1:IFNAR2:
329	IFNE		IFNAR1	IFNAR2			Cytokine	type 2				NA	Cytokine/Cytokine type 2	23449591		IFNE::IFNAR1:IFNAR2:
330	IFNG		IFNGR1	IFNGR2			Cytokine	type 2				NA	Cytokine/Cytokine type 2	15032600		IFNG::IFNGR1:IFNGR2:
331	IFNK		IFNAR1	IFNAR2			Cytokine	type 2				NA	Cytokine/Cytokine type 2	11514542		IFNK::IFNAR1:IFNAR2:
332	IFNL1		IL10RB	IFNLR1		IFNL1=IL29	Cytokine	type 2				NA	interleukin /Cytokine/Cytokine type 2	12469119		IFNL1::IL10RB:IFNLR1:
333	IFNL2		IL10RB	IFNLR1		IFNL2=IL28A	Cytokine	type 2				NA	interleukin /Cytokine/Cytokine type 2	12469119		IFNL2::IL10RB:IFNLR1:
334	IFNL3		IL10RB	IFNLR1		IFNL3=IL28B	Cytokine	type 2				NA	interleukin /Cytokine/Cytokine type 2	12469119		IFNL3::IL10RB:IFNLR1:
335	IFNW1		IFNAR1	IFNAR2			Cytokine	type 2				NA	Cytokine/Cytokine type 2	15032600		IFNW1::IFNAR1:IFNAR2:
336	IGHG1	IGLC1	FCGR3B				Antigen binding					NA	Antigen binding	10917521		IGHG1:IGLC1:FCGR3B::
337	IGHG1	IGLC1	FCGR2B				Antigen binding					NA	Antigen binding			IGHG1:IGLC1:FCGR2B::
338	IHH		PTCH1									NA		29274272		IHH::PTCH1::
339	IHH		PTCH2									NA		29274272		IHH::PTCH2::
340	IL10		IL10RA	IL10RB			Cytokine	type 2				NA	interleukin /Cytokine/Cytokine type 2	10347215; 15032600		IL10::IL10RA:IL10RB:
341	IL11		IL11RA	IL6ST			Cytokine	type 1				NA	Cytokine / Cytokine type 1	9143707		IL11::IL11RA:IL6ST:
342	IL12A	IL12B	IL12RB1	IL12RB2			Cytokine	type 1				NA	interleukin/Cytokine/Cytokine type 1	9143707		IL12A:IL12B:IL12RB1:IL12RB2:
343	IL12A	EBI3	IL12RB2	IL6ST		IL35 = IL12A + EBI3	Cytokine	type 1				NA	interleukin / Cytokine/Cytokine type 1	22306691;  25919641		IL12A:EBI3:IL12RB2:IL6ST:
344	IL13		IL13RA1	IL4R			Cytokine	type 1				NA	interleukin/Cytokine/Cytokine type 1	9013879		IL13::IL13RA1:IL4R:
345	IL13		IL13RA2				Cytokine	type 1				NA	interleukin/Cytokine/Cytokine type 1	8663118		IL13::IL13RA2::
346	IL15		IL15RA	IL2RB	IL2RG		Cytokine	type 1				NA	interleukin/Cytokine/Cytokine type 1	8026467; 15546386		IL15::IL15RA:IL2RB:IL2RG
347	IL16		CD9				Cytokine					NA	Cytokine/Interleukin	29884309 ; 16144798		IL16::CD9::
348	IL16		CD4				Cytokine					NA	Cytokine/Interleukin	10438516 ; 7615501	lymphocytes chemoattractant factor	IL16::CD4::
349	IL17A		IL17RA	IL17RC			Cytokine	IL17				NA	interleukin/Cytokine / IL17	24011563		IL17A::IL17RA:IL17RC:
350	IL17B		IL17RB				Cytokine	IL17				NA	interleukin/Cytokine / IL17	24011563		IL17B::IL17RB::
351	IL17C		IL17RA	IL17RE			Cytokine	IL17				NA	interleukin/Cytokine / IL17	24011563	The receptor for IL17D is unknown (Gu et al. 2013).	IL17C::IL17RA:IL17RE:
352	IL17F		IL17RA	IL17RC			Cytokine	IL17				NA	interleukin/Cytokine / IL17	24011563		IL17F::IL17RA:IL17RC:
353	IL18		IL18R1	IL18RAP			Cytokine	IL1.				NA	interleukin /Cytokine/  IL1.	20959797; 24332029		IL18::IL18R1:IL18RAP:
354	IL19		IL20RA	IL20RB			Cytokine	type 2				NA	interleukin /Cytokine/Cytokine type 2	15032600		IL19::IL20RA:IL20RB:
355	IL1A		IL1R1	IL1RAP			Cytokine	IL1.				NA	interleukin /Cytokine/ IL1.	20959797; 24332029		IL1A::IL1R1:IL1RAP:
356	IL1A		IL1R2	IL1RAP			Cytokine	IL1.				NA	interleukin /Cytokine/  IL1.	20959797; 24332029		IL1A::IL1R2:IL1RAP:
357	IL1B		IL1R1	IL1RAP			Cytokine	IL1.				NA	interleukin /Cytokine/  IL1.	20959797; 24332029		IL1B::IL1R1:IL1RAP:
358	IL1B		IL1R2	IL1RAP			Cytokine	IL1.				NA	interleukin /Cytokine/  IL1.	20959797; 24332029		IL1B::IL1R2:IL1RAP:
359	IL1F10		IL1RAPL1			IL1F10 = IL38, IL1RAPL1=TIGIRR-2	Cytokine	IL1.				NA	IL1./ interleukin/Cytokine	22315422 ,  31387327	IL1F10 = IL38, IL38 inhibitis IL36 signalling, as IL36RN does	IL1F10::IL1RAPL1::
360	IL1F10		IL1RL2				Cytokine	IL1.				NA	IL1./ interleukin/Cytokine	22315422 ,  31387327		IL1F10::IL1RL2::
361	IL1F10		IL1RAPL2			TIGIRR1	Cytokine	IL1.				NA	IL1./ interleukin/Cytokine	22315422 ,  31387327		IL1F10::IL1RAPL2::
362	IL1F10		SIGIRR			TIR8	Cytokine	IL1.				NA	IL1./ interleukin/Cytokine	22315422 ,  31387327		IL1F10::SIGIRR::
363	IL1RN		IL1R2				Cytokine	IL1.				NA	interleukin /Cytokine/  IL1.	20959797; 24332029	IL1RN binding do not elicit a signaling response.	IL1RN::IL1R2::
364	IL1RN		IL1R1				Cytokine	IL1.				NA	interleukin /Cytokine/  IL1.	20959797; 24332029		IL1RN::IL1R1::
365	IL2		IL2RA	IL2RB	IL2RG		Cytokine	type 1				NA	interleukin /Cytokine / Cytokine type 1	15546386		IL2::IL2RA:IL2RB:IL2RG
366	IL20		IL20RA	IL20RB			Cytokine	type 2				NA	interleukin /Cytokine/Cytokine type 2	15032600		IL20::IL20RA:IL20RB:
367	IL20		IL22RA1	IL20RB			Cytokine	type 2				NA	interleukin /Cytokine/Cytokine type 2	15032600		IL20::IL22RA1:IL20RB:
368	IL21		IL21R	IL2RG			Cytokine	type 1				NA	interleukin/Cytokine/Cytokine type 1	11016959		IL21::IL21R:IL2RG:
369	IL22		IL22RA1	IL10RB			Cytokine	type 2				NA	interleukin /Cytokine/Cytokine type 2	11035029		IL22::IL22RA1:IL10RB:
370	IL22		IL22RA2				Cytokine	type 2				NA	interleukin /Cytokine/Cytokine type 2	15032600		IL22::IL22RA2::
371	IL23A	IL12B	IL23R	IL12RB1			Cytokine	type 1				NA	interleukin/Cytokine/Cytokine type 1	12023369		IL23A:IL12B:IL23R:IL12RB1:
372	IL24		IL20RA	IL20RB			Cytokine	type 2				NA	interleukin /Cytokine/Cytokine type 2	15032600		IL24::IL20RA:IL20RB:
373	IL24		IL22RA1	IL20RB			Cytokine	type 2				NA	interleukin /Cytokine/Cytokine type 2	15032600		IL24::IL22RA1:IL20RB:
374	IL25		IL17RB			IL17E = IL25	Cytokine	IL17				NA	interleukin/Cytokine / IL17	24011563		IL25::IL17RB::
375	IL26		IL20RA	IL10RB			Cytokine	type 2				NA	Cytokine/Cytokine type 2 / interleukin	14764663		IL26::IL20RA:IL10RB:
376	IL27	EBI3	IL27RA	IL6ST		IL30=IL27p28 ; IL27=IL27+EBI3	Cytokine	type 1				NA	interleukin / Cytokine/Cytokine type 1	14764690 ; 9143707		IL27:EBI3:IL27RA:IL6ST:
377	IL27	IL12A	IL27RA	IL12RB2		IL12A=p35	Cytokine	type 1				NA	Cytokine/Cytokine type 1	24743305		IL27:IL12A:IL27RA:IL12RB2:
378	IL3		IL3RA	CSF2RB			Cytokine	type 1				NA	interleukin/Cytokine / Cytokine type 1	1833064		IL3::IL3RA:CSF2RB:
379	IL31		IL31RA	OSMR			Cytokine	type 1				NA	Cytokine / Cytokine type 1	18926762		IL31::IL31RA:OSMR:
380	IL33		IL1RL1	IL1RAP			Cytokine	IL1.				NA	IL1./ interleukin/Cytokine	20959797; 24332029		IL33::IL1RL1:IL1RAP:
381	IL34		CSF1R				Cytokine	RTK				NA		26095744		IL34::CSF1R::
382	IL34	CSF1	CSF1R				Cytokine	RTK				NA		26095744		IL34:CSF1:CSF1R::
383	IL36A		IL1RL2	IL1RAP			Cytokine	IL1.				NA	IL1./ interleukin/Cytokine	20959797; 24332029, 25673295		IL36A::IL1RL2:IL1RAP:
384	IL36B		IL1RL2	IL1RAP			Cytokine	IL1.				NA	IL1./ interleukin/Cytokine	20959797; 24332029, 25673295		IL36B::IL1RL2:IL1RAP:
385	IL36G		IL1RL2	IL1RAP			Cytokine	IL1.				NA	IL1./ interleukin/Cytokine	20959797; 24332029, 25673295		IL36G::IL1RL2:IL1RAP:
386	IL36RN		IL1RL2			IL1RL2=IL36R	Cytokine	IL1.				NA	IL1./ interleukin/Cytokine	20959797; 24332029		IL36RN::IL1RL2::
387	IL37		IL18R1	SIGIRR			Cytokine	IL1.				NA	IL1./ interleukin/Cytokine	20959797; 24332029, 25729923		IL37::IL18R1:SIGIRR:
388	IL4		IL4R	IL2RG			Cytokine	type 1				NA	interleukin /Cytokine / Cytokine type 1	7795521 ;15546386		IL4::IL4R:IL2RG:
389	IL5		IL5RA	CSF2RB			Cytokine	type 1				NA	interleukin/Cytokine/Cytokine type 1	1833065		IL5::IL5RA:CSF2RB:
390	IL6		IL6R	IL6ST			Cytokine	type 1				NA	Cytokine/ Checkpoint / interleukin / Cytokine type 1	9143707		IL6::IL6R:IL6ST:
391	IL7		IL7R	IL2RG			Cytokine	type 1				NA	interleukin/Cytokine/Cytokine type 1	15546386		IL7::IL7R:IL2RG:
392	IL9		IL9R	IL2RG			Cytokine	type 1				NA	interleukin / Cytokine/Cytokine type 1	15546386		IL9::IL9R:IL2RG:
393	INHBA		ACVR1B	ACVR2A			Cytokine	TGF				NA	Cytokine/TGF	8622651; 8721982		INHBA::ACVR1B:ACVR2A:
394	INHBA		ACVR1B	ACVR2B			Cytokine	TGF				NA	Cytokine/TGF	8622651; 8721982		INHBA::ACVR1B:ACVR2B:
395	INHBA	INHBB	ACVR1B	ACVR2A			Cytokine	TGF				NA	Cytokine/TGF	8622651; 8721982		INHBA:INHBB:ACVR1B:ACVR2A:
396	INHBA	INHBB	ACVR1B	ACVR2B			Cytokine	TGF				NA	Cytokine/TGF	8622651; 8721982		INHBA:INHBB:ACVR1B:ACVR2B:
397	INHBA	INHBB	ACVR1C	ACVR2A			Cytokine	TGF				NA	Cytokine/TGF	8622651; 8721982		INHBA:INHBB:ACVR1C:ACVR2A:
398	INHBA	INHBB	ACVR1C	ACVR2B			Cytokine	TGF				NA	Cytokine/TGF	8622651; 8721982		INHBA:INHBB:ACVR1C:ACVR2B:
399	INHBB		ACVR1B	ACVR2A			Cytokine	TGF				NA	Cytokine/TGF	8622651; 8721982		INHBB::ACVR1B:ACVR2A:
400	INHBB		ACVR1B	ACVR2B			Cytokine	TGF				NA	Cytokine/TGF	8622651; 8721982		INHBB::ACVR1B:ACVR2B:
401	INHBB		ACVR1C	ACVR2A			Cytokine	TGF				NA	Cytokine/TGF	8622651; 8721982		INHBB::ACVR1C:ACVR2A:
402	INHBB		ACVR1C	ACVR2B			Cytokine	TGF				NA	Cytokine/TGF	8622651; 8721982		INHBB::ACVR1C:ACVR2B:
403	ICAM1		ITGAL	ITGB2		ITGAL=LFA-1=CD11a ; ITGB2=CD18 ; ICAM=CD54	ECM				Integrin	NA	Integrin	23418628;10940895		ICAM1::ITGAL:ITGB2:
404	ICAM2		ITGAL	ITGB2			ECM				Integrin	NA	Integrin	10427988		ICAM2::ITGAL:ITGB2:
405	ICAM3		ITGAL	ITGB2			ECM				Integrin	NA	Integrin	10427988		ICAM3::ITGAL:ITGB2:
406	JAG1		NOTCH1			JAG1=CD339	Notch family					NA	Notch family	15137944;18292500;16921404		JAG1::NOTCH1::
407	JAG1		NOTCH2				Notch family					NA	Notch family	16921404		JAG1::NOTCH2::
408	JAG1		NOTCH3				Notch family					NA	Notch family	16921404		JAG1::NOTCH3::
409	JAG2		NOTCH1			JAG2=SER2	Notch family					NA	Notch family	22503540;21352254;16921404		JAG2::NOTCH1::
410	JAG2		NOTCH2				Notch family					NA	Notch family	16921404		JAG2::NOTCH2::
411	JAG2		NOTCH3				Notch family					NA	Notch family	16921404		JAG2::NOTCH3::
412	KITLG		KIT				Cytokine	RTK				NA	Cytokine /  RTK	17662946		KITLG::KIT::
413	LCN1		LMBR1L									NA		11287427		LCN1::LMBR1L::
414	LEP		LEPR				Cytokine	type 1				NA	Cytokine / Cytokine type 1	9463481		LEP::LEPR::
415	LGALS1		CD69			CD69=CLEC2C					Galectin	NA	Galectin	21427408		LGALS1::CD69::
416	LGALS9		HAVCR2			HAVCR2= Tim-3=TIM3	Checkpoint		TIM			NA	Checkpoint	16286920 ; 27192565		LGALS9::HAVCR2::
417	LIF		LIFR	IL6ST			Cytokine	type 1				NA	Cytokine / Cytokine type 1	9143707		LIF::LIFR:IL6ST:
418	LTA		TNFRSF1A				Cytokine	TNF				NA	TNF Family/Cytokine	7995952		LTA::TNFRSF1A::
419	LTA		TNFRSF1B				Cytokine	TNF				NA	TNF Family/Cytokine	7995952		LTA::TNFRSF1B::
420	LTA		TNFRSF14			TNFRSF14  = HVEM	Cytokine	TNF				NA	TNF Family/Cytokine	7995952		LTA::TNFRSF14::
421	LTB	LTA	LTBR			TNFSF3=LTB / TNFRSF3 = LTBR	Cytokine	TNF				NA	TNF Family/Cytokine	11239407		LTB:LTA:LTBR::
422	LY9		LY9			LY9=SLAMF3					SLAM	NA	SLAM	16365421		LY9::LY9::
423	MICA		KLRK1			KLRK1=NKG2D					C-type lectin receptor	NA		11955595		MICA::KLRK1::
424	MICB		KLRK1			KLRK1=NKG2D					C-type lectin receptor	NA		11955595		MICB::KLRK1::
425	MIF		CD74				Cytokine					NA	Cytokine 	12782713		MIF::CD74::
426	MIF		CXCR2				Cytokine					NA	Cytokine 	17435771		MIF::CXCR2::
427	MIF		CXCR4				Cytokine					NA	Cytokine 	17435771		MIF::CXCR4::
428	MSTN		TGFBR1	ACVR2B		MSTN = myostatin = GDF8	Cytokine	TGF				NA	Cytokine/TGF	29409020		MSTN::TGFBR1:ACVR2B:
429	MSTN		ACVR1B	ACVR2B			Cytokine	TGF				NA	Cytokine/TGF	29409020		MSTN::ACVR1B:ACVR2B:
430	NCR3LG1		NCR3			NCR3LG1=B7-H6 ; NCR3=NKp30	Checkpoint		B7			NA	Checkpoint	23954143		NCR3LG1::NCR3::
431	NECTIN1		CD96				Checkpoint		Nectin			NA	Checkpoint	26927206		NECTIN1::CD96::
432	NECTIN2		TIGIT				Checkpoint		Nectin			NA	Checkpoint	27192565		NECTIN2::TIGIT::
433	NECTIN2		CD226			CD226=DNAM-1	Checkpoint		Nectin			NA	Checkpoint	27192565		NECTIN2::CD226::
434	NECTIN2		CD96				Checkpoint		Nectin			NA	Checkpoint	27192565		NECTIN2::CD96::
435	NECTIN3		TIGIT				Checkpoint		Nectin			NA	Checkpoint	26927206		NECTIN3::TIGIT::
436	NODAL		ACVR1B	ACVR2A			Cytokine	TGF				NA	Cytokine/TGF	17878607		NODAL::ACVR1B:ACVR2A:
437	NODAL		ACVR1B	ACVR2B			Cytokine	TGF				NA	Cytokine/TGF	17878607		NODAL::ACVR1B:ACVR2B:
438	NODAL		ACVR1C	ACVR2A			Cytokine	TGF				NA	Cytokine/TGF	17878607		NODAL::ACVR1C:ACVR2A:
439	NODAL		ACVR1C	ACVR2B			Cytokine	TGF				NA	Cytokine/TGF	17878607		NODAL::ACVR1C:ACVR2B:
440	NRTN		GFRA1	RET			Growth factor					NA	Growth factor	9192684		NRTN::GFRA1:RET:
441	NRTN		GFRA2	RET			Growth factor					NA	Growth factor	9192684		NRTN::GFRA2:RET:
442	OSM		OSMR	IL6ST			Cytokine	type 1				NA	Cytokine / Cytokine type 1	9143707		OSM::OSMR:IL6ST:
443	OSTN		3,00 NPR				Growth factor					NA	Growth factor	19244276;17951249		OSTN::3,00 NPR::
444	PDCD1LG2		PDCD1				Checkpoint		B7			NA	Checkpoint	23954143		PDCD1LG2::PDCD1::
445	PDGFA		PDGFRA				Cytokine	RTK				NA	RTK/Cytokine	15207811;9739761		PDGFA::PDGFRA::
446	PDGFB		PDGFRA				Cytokine	RTK				NA	RTK/Cytokine	15207811;9739761		PDGFB::PDGFRA::
447	PDGFB		PDGFRB				Cytokine	RTK				NA	RTK/Cytokine	15207811;9739761		PDGFB::PDGFRB::
448	PDGFC		PDGFRA				Cytokine	RTK				NA	RTK/Cytokine	15207811;9739761		PDGFC::PDGFRA::
449	PF4		CXCR3			CXCL4=PF4	Chemokine			CXC		NA	Chemokine	12782716; 21655676	CXCR3B splicing variant	PF4::CXCR3::
450	PF4V1		CXCR3				Chemokine			CXC		NA	Chemokine	22633458		PF4V1::CXCR3::
451	PLAU		PLAUR									NA		11501527		PLAU::PLAUR::
452	PPBP		CXCR2			PPBP=CXCL7	Chemokine			CXC		NA	Chemokine	22633458; 24335961		PPBP::CXCR2::
453	PPBP		CXCR1			PPBP=CXCL7	Chemokine			CXC		NA	Chemokine	22633458; 24335961		PPBP::CXCR1::
454	PPBP		ACKR1				Chemokine			CXC		NA	Chemokine	22633458		PPBP::ACKR1::
455	PRL		PRLR				Cytokine 	type 1				NA	Cytokine/Cytokine type 1	18467331		PRL::PRLR::
456	PVR		TIGIT			PVR=CD155	Checkpoint		Nectin			NA	Checkpoint	27192565		PVR::TIGIT::
457	PVR		CD96			PVR=CD155	Checkpoint		Nectin			NA	Checkpoint	9626554		PVR::CD96::
458	PVR		CD226			PVR=CD155 ; CD226=DNAM-1	Checkpoint		Nectin			NA	Checkpoint	15034010		PVR::CD226::
459	PVR		PVRIG			PVRIG=CD112	Checkpoint		Nectin			NA	Checkpoint			PVR::PVRIG::
460	RSPO4		LGR4	LRP5								NA		24639526		RSPO4::LGR4:LRP5:
461	RSPO4		LGR4	LRP6								NA		24639526		RSPO4::LGR4:LRP6:
462	RSPO4		LGR5	LRP5								NA		21727895		RSPO4::LGR5:LRP5:
463	RSPO4		LGR5	LRP6								NA		21727895		RSPO4::LGR5:LRP6:
464	SEMA3A		NRP1	PLXNA1							Semaphorin	NA	Semaphorin	22723296		SEMA3A::NRP1:PLXNA1:
465	SEMA3A		NRP1	PLXNA2							Semaphorin	NA	Semaphorin	23104057		SEMA3A::NRP1:PLXNA2:
466	SEMA3A		NRP1	PLXNA3							Semaphorin	NA	Semaphorin	20026901		SEMA3A::NRP1:PLXNA3:
467	SEMA3A		NRP1	PLXNA4							Semaphorin	NA	Semaphorin	20026901		SEMA3A::NRP1:PLXNA4:
468	SEMA3A		NRP1								Semaphorin	NA	Semaphorin	29067024		SEMA3A::NRP1::
469	SEMA3F		NRP2								Semaphorin	NA	Semaphorin	29067024 ; 25068647	Semaphorin receptors may need a co-receptor. May use 3 alternative ones. Combinations could be different depending on cell types plus, receptors could be added in TRANS, from another cell…logical rules are hard to determine	SEMA3F::NRP2::
470	SEMA3C		NRP2								Semaphorin	NA	Semaphorin	29067024		SEMA3C::NRP2::
471	SEMA4A		NRP1								Semaphorin	NA	Semaphorin	23913274		SEMA4A::NRP1::
472	SEMA4A		PLXNB1								Semaphorin	NA	Semaphorin	29981480		SEMA4A::PLXNB1::
473	SEMA4A		PLXNB2								Semaphorin	NA	Semaphorin	29981480		SEMA4A::PLXNB2::
474	SEMA4A		PLXNB3								Semaphorin	NA	Semaphorin	11245885		SEMA4A::PLXNB3::
475	SEMA4A		PLXND1								Semaphorin	NA	Semaphorin	11245885		SEMA4A::PLXND1::
476	SEMA4C		PLXNB2								Semaphorin	NA	Semaphorin	11245885		SEMA4C::PLXNB2::
477	SEMA4D		PLXNB2								Semaphorin	NA	Semaphorin	11245885		SEMA4D::PLXNB2::
478	SEMA4D		PLXNB1								Semaphorin	NA	Semaphorin	11245885		SEMA4D::PLXNB1::
479	SEMA4D		CD72								Semaphorin	NA	Semaphorin	29971044		SEMA4D::CD72::
480	SEMA7A		PLXNC1								Semaphorin	NA	Semaphorin	17671519;10520995		SEMA7A::PLXNC1::
481	SEMA7A		ITGA1	ITGB1							Semaphorin	NA	Semaphorin	17671519		SEMA7A::ITGA1:ITGB1:
482	SHH		PTCH1								? (brain)	NA		27647915		SHH::PTCH1::
483	SLAMF1		SLAMF1			SLAMF1=CD150					SLAM	NA	SLAM	15539155		SLAMF1::SLAMF1::
484	SLAMF6		SLAMF6			SLAMF6=NTBA					SLAM	NA	SLAM	15879084		SLAMF6::SLAMF6::
485	SLIT1		ROBO2								?	NA		21600986		SLIT1::ROBO2::
486	SLIT1		ROBO1								? (brain)	NA		21600986		SLIT1::ROBO1::
487	TGFA		EGFR				Cytokine	TGF				NA	Cytokine/ TGF	27635238		TGFA::EGFR::
488	TGFB1		TGFBR1	TGFBR2			Cytokine	TGF				NA	Checkpoint/Cytokine/TGF	7693660; 1333888; 8242743		TGFB1::TGFBR1:TGFBR2:
489	TGFB2		TGFBR1	TGFBR2			Cytokine	TGF				NA	Checkpoint/Cytokine/TGF	7693660		TGFB2::TGFBR1:TGFBR2:
490	TGFB3		TGFBR1	TGFBR2			Cytokine	TGF				NA	Checkpoint/Cytokine/TGF	7693660		TGFB3::TGFBR1:TGFBR2:
491	THPO		MPL				Cytokine	type 1				NA	Cytokine / Cytokine type 1	11784712		THPO::MPL::
492	TNF		TNFRSF1A				Cytokine	TNF				NA	TNF Family/Cytokine	11239407		TNF::TNFRSF1A::
493	TNF		TNFRSF1B				Cytokine	TNF				NA	TNF Family/Cytokine	11239407		TNF::TNFRSF1B::
494	TNFSF10		TNFRSF10A			TNFSF10=TRAIL	Cytokine	TNF				NA	TNF Family/Cytokine	11239407		TNFSF10::TNFRSF10A::
495	TNFSF10		TNFRSF10B				Cytokine	TNF				NA	TNF Family/Cytokine	11239407		TNFSF10::TNFRSF10B::
496	TNFSF10		TNFRSF10C				Cytokine	TNF				NA	TNF Family/Cytokine	11239407		TNFSF10::TNFRSF10C::
497	TNFSF10		TNFRSF10D				Cytokine	TNF				NA	TNF Family/Cytokine	11239407		TNFSF10::TNFRSF10D::
498	TNFSF10		TNFRSF11B				Cytokine	TNF				NA	TNF Family/Cytokine	11239407		TNFSF10::TNFRSF11B::
499	TNFSF11		TNFRSF11A				Cytokine	TNF				NA	TNF Family/Cytokine	11239407		TNFSF11::TNFRSF11A::
500	TNFSF11		TNFRSF11B			TNFRSF11B=OPG	Cytokine	TNF				NA	TNF Family/Cytokine	11239407		TNFSF11::TNFRSF11B::
501	TNFSF12		TNFRSF12A			TNFSF12 = TWEAK	Cytokine	TNF				NA	TNF Family/Cytokine	11239407		TNFSF12::TNFRSF12A::
502	TNFSF13		TNFRSF13B			TNFRSF13B = TACI /TNFSF13 =APRIL	Cytokine	TNF				NA	TNF Family/Cytokine	11239407		TNFSF13::TNFRSF13B::
503	TNFSF13		TNFRSF17			TNFRSF17 = BCMA	Cytokine	TNF				NA	TNF Family/Cytokine	11239407		TNFSF13::TNFRSF17::
504	TNFSF13B		TNFRSF13B			TNFSF13B = BAFF	Cytokine	TNF				NA	TNF Family/Cytokine	11239407	promote B cell proliferation	TNFSF13B::TNFRSF13B::
505	TNFSF13B		TNFRSF17				Cytokine	TNF				NA	TNF Family/Cytokine	11239407	promote B cell proliferation	TNFSF13B::TNFRSF17::
506	TNFSF13B		TNFRSF13C			TNFSF13C= BAFFR	Cytokine	TNF				NA	TNF Family/Cytokine	11239407	promote B cell proliferation	TNFSF13B::TNFRSF13C::
507	TNFSF14		TNFRSF14			TNFSF14=LIGHT ; TNFRSF14=HVEM	Cytokine	TNF				NA	TNF Family/Cytokine	11239407		TNFSF14::TNFRSF14::
508	TNFSF14		LTBR				Cytokine	TNF				NA	TNF Family/Cytokine	11239407		TNFSF14::LTBR::
509	TNFSF14		TNFRSF6B			TNFRSF6B=DCR3	Cytokine	TNF				NA	TNF Family/Cytokine	11239407		TNFSF14::TNFRSF6B::
510	TNFSF15		TNFRSF6B			VEGI=TNFSF15	Cytokine	TNF				NA	TNF Family/Cytokine	11239407		TNFSF15::TNFRSF6B::
511	TNFSF15		TNFRSF25				Cytokine	TNF				NA	TNF Family/Cytokine	11239407		TNFSF15::TNFRSF25::
512	TNFSF18		TNFRSF18			TNFRSF18 = GITR	Checkpoint	TNF	TNF			NA	TNF Family/Cytokine/Checkpoint	11239407		TNFSF18::TNFRSF18::
513	TNFSF4		TNFRSF4			TNFSF4 = OX40L	Checkpoint	TNF	TNF			NA	TNF Family/Cytokine/Checkpoint	11239407		TNFSF4::TNFRSF4::
514	TNFSF8		TNFRSF8			CD30L/CD30	Cytokine	TNF				NA	TNF Family/Cytokine	11239407		TNFSF8::TNFRSF8::
515	TNFSF9		TNFRSF9			TNFSF9 = 4-1BBL=CD137L ; TNFRSF9=CD137	Checkpoint	TNF	TNF			NA	TNF Family/Cytokine/Checkpoint	11239407		TNFSF9::TNFRSF9::
516	TSLP		IL7R	CRLF2			Cytokine	type 1				NA	Cytokine/Cytokine type 1	11418668		TSLP::IL7R:CRLF2:
517	TXLNA		STX3			TXLNA=IL14	Cytokine					NA	Cytokine	12558796		TXLNA::STX3::
518	TXLNA		STX4				Cytokine					NA	Cytokine	12558796		TXLNA::STX4::
519	TXLNA		STX1A				Cytokine					NA	Cytokine	12558796		TXLNA::STX1A::
520	MADCAM1		ITGA4	ITGB7			ECM				Integrin	NA	Integrin	20118278		MADCAM1::ITGA4:ITGB7:
521	VCAM1		ITGA9	ITGB1		ITGB1=CD29 ;	ECM				Integrin	NA	Integrin	10209034		VCAM1::ITGA9:ITGB1:
522	VCAM1		ITGA4	ITGB1		ITGB1=CD29 ; ITGA2=CD49D -> VLA4	ECM				Integrin	NA	Integrin	15263094		VCAM1::ITGA4:ITGB1:
523	VCAM1		ITGA4	ITGB7			ECM				Integrin	NA	Integrin	20118278		VCAM1::ITGA4:ITGB7:
524	VCAN		CD44				ECM					NA	ECM	10950950		VCAN::CD44::
525	VEGFA		FLT1	KDR			Growth factor					NA	Growth factor	8806634 ; 11181169 ; 22828632		VEGFA::FLT1:KDR:
526	PGF		FLT1	KDR			Growth factor					NA	Growth factor	22828632 ; 8806634		PGF::FLT1:KDR:
527	VEGFB		FLT1	KDR			Growth factor					NA	Growth factor	22828632 ; 8806634		VEGFB::FLT1:KDR:
528	VEGFA		FLT1			FLT1=VEGFR1	Growth factor					NA	Growth factor	26285753		VEGFA::FLT1::
529	VEGFA		KDR			KDR=FLK1=VEGFR2	Growth factor					NA	Growth factor	11181169 ; 1417831		VEGFA::KDR::
530	VEGFA		NRP1				Growth factor					NA	Growth factor	11181169 ; 21653826		VEGFA::NRP1::
531	VEGFA		NRP2				Growth factor					NA	Growth factor	11181169		VEGFA::NRP2::
532	VEGFB		NRP1				Growth factor					NA	Growth factor	11181169		VEGFB::NRP1::
533	VEGFB		FLT1				Growth factor					NA	Growth factor	11181169 ; 26285753		VEGFB::FLT1::
534	VEGFC		NRP2				Growth factor					NA	Growth factor	16621967		VEGFC::NRP2::
535	VEGFC		KDR			KRD=VEGFR2 ; VEGFD=FIGF	Growth factor					NA	Growth factor	11181169		VEGFC::KDR::
536	VEGFC		FLT4			FLT4=VEGFR3	Growth factor					NA	Growth factor	16336962 ; 11532940		VEGFC::FLT4::
537	VEGFD		FLT4				Growth factor					NA	Growth factor	16336962 ; 11532940		VEGFD::FLT4::
538	VEGFD		KDR			KRD=VEGFR2 ; VEGFD=FIGF	Growth factor					NA	Growth factor	16835467		VEGFD::KDR::
539	PGF		NRP1				Growth factor					NA	Growth factor	9712843		PGF::NRP1::
540	PGF		NRP2				Growth factor					NA	Growth factor	12613545		PGF::NRP2::
541	PGF		FLT1			PGF = PIGF	Growth factor					NA	Growth factor	19029957		PGF::FLT1::
542	VTN		ITGAV				ECM				Integrin	NA	Integrin	7685013		VTN::ITGAV::
543	WNT5A		FZD5								Wnt family	NA	Wnt family	11029007		WNT5A::FZD5::
544	WNT5B		FZD1	LRP5							Wnt family	NA	Wnt family	11029007		WNT5B::FZD1:LRP5:
545	WNT5B		FZD1	LRP6							Wnt family	NA	Wnt family	11029007		WNT5B::FZD1:LRP6:
546	WNT5B		FZD10	LRP5							Wnt family	NA	Wnt family	11029007		WNT5B::FZD10:LRP5:
547	WNT5B		FZD10	LRP6							Wnt family	NA	Wnt family	11029007		WNT5B::FZD10:LRP6:
548	WNT5B		FZD2	LRP5							Wnt family	NA	Wnt family	11029007		WNT5B::FZD2:LRP5:
549	WNT5B		FZD2	LRP6							Wnt family	NA	Wnt family	11029007		WNT5B::FZD2:LRP6:
550	WNT5B		FZD3	LRP5							Wnt family	NA	Wnt family	11029007		WNT5B::FZD3:LRP5:
551	WNT5B		FZD3	LRP6							Wnt family	NA	Wnt family	11029007		WNT5B::FZD3:LRP6:
552	WNT5B		FZD5	LRP5							Wnt family	NA	Wnt family	11029007		WNT5B::FZD5:LRP5:
553	WNT5B		FZD5	LRP6							Wnt family	NA	Wnt family	11029007		WNT5B::FZD5:LRP6:
554	WNT5B		FZD6	LRP5							Wnt family	NA	Wnt family	11029007		WNT5B::FZD6:LRP5:
555	WNT5B		FZD6	LRP6							Wnt family	NA	Wnt family	11029007		WNT5B::FZD6:LRP6:
556	WNT5B		FZD7	LRP5							Wnt family	NA	Wnt family	11029007		WNT5B::FZD7:LRP5:
557	WNT5B		FZD7	LRP6							Wnt family	NA	Wnt family	11029007		WNT5B::FZD7:LRP6:
558	WNT5B		FZD8	LRP5							Wnt family	NA	Wnt family	11029007		WNT5B::FZD8:LRP5:
559	WNT5B		FZD8	LRP6							Wnt family	NA	Wnt family	11029007		WNT5B::FZD8:LRP6:
560	WNT5B		FZD9	LRP5							Wnt family	NA	Wnt family	11029007		WNT5B::FZD9:LRP5:
561	WNT5B		FZD9	LRP6							Wnt family	NA	Wnt family	11029007		WNT5B::FZD9:LRP6:
562	XCL1		XCR1				Chemokine			C		NA	Chemokine	22633458		XCL1::XCR1::
563	XCL2		XCR1				Chemokine			C		NA	Chemokine 	22633458		XCL2::XCR1::
564	CD40LG		ITGA2B	ITGB3			ECM				Integrin	NA	Integrin	22461623; 11875495		CD40LG::ITGA2B:ITGB3:
565	CD40LG		ITGA5	ITGB1			ECM				Integrin	NA	Integrin	28676852; 22461623		CD40LG::ITGA5:ITGB1:
566	CD40LG		ITGAM	ITGB2			ECM				Integrin	NA	Integrin	28676852; 22461623		CD40LG::ITGAM:ITGB2:
567	SPP1		CD44			SPP1=Osteopontin	ECM				Integrin	NA	Integrin	8560266		SPP1::CD44::
568	SPP1		ITGAV	ITGB3			ECM				Integrin	NA	Integrin	7532190		SPP1::ITGAV:ITGB3:
569	SPP1		ITGAV	ITGB1			ECM				Integrin	NA	Integrin	10673366		SPP1::ITGAV:ITGB1:
570	SPP1		ITGAV	ITGB5			ECM				Integrin	NA	Integrin	10673366		SPP1::ITGAV:ITGB5:
571	SPP1		ITGA4	ITGB1			ECM				Integrin	NA	Integrin	9547293		SPP1::ITGA4:ITGB1:
572	SPP1		ITGA9	ITGB1			ECM				Integrin	NA	Integrin	8910476		SPP1::ITGA9:ITGB1:
573	SPP1		ITGA8	ITGB1			ECM				Integrin	NA	Integrin	9614184		SPP1::ITGA8:ITGB1:
574	SPP1		ITGA5	ITGB1			ECM				Integrin	NA	Integrin	10673366		SPP1::ITGA5:ITGB1:
575	CD160		TNFRSF14				Checkpoint					NA	Checkpoint	18193050		CD160::TNFRSF14::
576	SAA1		FPR2									NA		26130702		SAA1::FPR2::
577	CD47		SIRPA									NA		17070842; 15294972	PMID : 1131326 ; SIRPbeta1 does not bind to CD47	CD47::SIRPA::
578	CD47		SIRPG									NA		15383453		CD47::SIRPG::
579	CD24		SIGLEC10									NA		31367043		CD24::SIGLEC10::
580	SIGLEC9		MUC1									NA		27595232 ; 24045940		SIGLEC9::MUC1::
581	LGALS3		LAG3									NA		25691328		LGALS3::LAG3::
582	FGL1		LAG3									NA		30580966		FGL1::LAG3::
583	CLEC4G		LAG3			CLEC4G=LSECTIN						NA		24769443		CLEC4G::LAG3::
584	MADCAM1		SELL				ECM				Integrin	NA	Integrin	20118278		MADCAM1::SELL::
585	SELPLG		SELP				ECM				Integrin	NA	Integrin	20118278		SELPLG::SELP::
